{ "listdata": [{"path": "land/res/animation/", "name": "beiShu.csb", "md5": "646193691ea88aafa8b8e471f3aa2309"}, 
{"path": "land/res/animation/", "name": "clock1.csb", "md5": "95158505a8a4ddc0e2b6700a364f2d7e"}, 
{"path": "land/res/animation/", "name": "duiZi_L.csb", "md5": "d5cb7ea30546de9a1beb4143e4d8011d"}, 
{"path": "land/res/animation/", "name": "duiZi_R.csb", "md5": "05bcfd28b777932d7302816e5a2bf200"}, 
{"path": "land/res/animation/", "name": "GameEffectLayer.csb", "md5": "3352d61ef7b24246da4715cd2e7860ed"}, 
{"path": "land/res/animation/", "name": "GameSpecialCard.csb", "md5": "bc944725a32c442c95106622af3eb7b0"}, 
{"path": "land/res/animation/", "name": "GameSpecialCard1.csb", "md5": "7dee14ffe68fbdc9615890bcccd1aecc"}, 
{"path": "land/res/animation/", "name": "game_result.plist", "md5": "7dcedabaea006056a1d89ddd9cd5b5ab"}, 
{"path": "land/res/animation/", "name": "game_result.png", "md5": "d7d9ba6f8b014b00aedca8f85684cf89"}, 
{"path": "land/res/animation/image/", "name": "card0001.png", "md5": "0d3118ad2895afb33d0b3623233c5b19"}, 
{"path": "land/res/animation/image/", "name": "cardTips.png", "md5": "fe490618b0300341be8f9e5de404ec69"}, 
{"path": "land/res/animation/image/", "name": "flower.png", "md5": "22bcf324322e9c9cc51b32621ced514e"}, 
{"path": "land/res/animation/image/", "name": "multiple_light_swf_pin.png", "md5": "174a615bcc270d1b0a7dd352367f86d7"}, 
{"path": "land/res/animation/image/outcard/bottom/smash/", "name": "smash_more_1.png", "md5": "7f061a352e3202c4c78a97173c5d1e06"}, 
{"path": "land/res/animation/image/outcard/bottom/smash/", "name": "smash_more_2.png", "md5": "508d223ecfb402c68ee6f0cdccda40c3"}, 
{"path": "land/res/animation/image/outcard/bottom/smash/", "name": "smash_more_3.png", "md5": "c0501dbffade77b8e093cf5b15d8ecd9"}, 
{"path": "land/res/animation/image/outcard/left/smash/", "name": "smash_more_1.png", "md5": "f5bba76f65ad7ffc3003890b651bd672"}, 
{"path": "land/res/animation/image/outcard/left/smash/", "name": "smash_more_2.png", "md5": "4f33a40ad14234073d04e5e625f1beef"}, 
{"path": "land/res/animation/image/outcard/left/smash/", "name": "smash_more_3.png", "md5": "1736495032e94c8772f64ace17848a1d"}, 
{"path": "land/res/animation/image/outcard/right/smash/", "name": "smash_more_1.png", "md5": "7f6e017b93d38d3fe1adcddb49b3c784"}, 
{"path": "land/res/animation/image/outcard/right/smash/", "name": "smash_more_2.png", "md5": "bf77f7d34ee43fc7ca2d766d2c703789"}, 
{"path": "land/res/animation/image/outcard/right/smash/", "name": "smash_more_3.png", "md5": "d4444aead35dd86ed3e9abf769d7b1fc"}, 
{"path": "land/res/animation/image/outcard/throw_light/", "name": "throw_light_2.png", "md5": "af17559fa91583facb6d743ed78aa39c"}, 
{"path": "land/res/animation/image/outcard/throw_light/", "name": "throw_light_3.png", "md5": "74d354a07e2f90920506fd3d2b93b222"}, 
{"path": "land/res/animation/image/outcard/throw_light/", "name": "throw_light_4.png", "md5": "9254e3502804387285626e6b74580eb3"}, 
{"path": "land/res/animation/image/outcard/throw_light/", "name": "throw_light_5.png", "md5": "c3b923fc9ed549921431f222e5de2ed0"}, 
{"path": "land/res/animation/image/outcard/throw_light/", "name": "throw_light_6.png", "md5": "a1d9ae457863c5f2c69c03f62afcfc07"}, 
{"path": "land/res/animation/image/outcard/throw_light/", "name": "throw_light_7.png", "md5": "6d48ca314f15dc73c948f3b0dbf3b52f"}, 
{"path": "land/res/animation/image/outcard/throw_light/", "name": "throw_light_8.png", "md5": "51fa3e88fd688c68676044c61542a080"}, 
{"path": "land/res/animation/image/", "name": "particle_texture.plist", "md5": "dda74e1127a7af6fd124d9206c505ef1"}, 
{"path": "land/res/animation/image/", "name": "particle_texture.png", "md5": "c065912553f5c26883c090e8bb4895fb"}, 
{"path": "land/res/animation/image/", "name": "spring0.png", "md5": "a53fa8d528c5c7f970e191160ccf3854"}, 
{"path": "land/res/animation/image/", "name": "spring1.png", "md5": "40d2ee1f0344176853d20e5d7ff71541"}, 
{"path": "land/res/animation/image/", "name": "spring2.png", "md5": "aaa9fd2ec949af2d3ab035c2a3cea687"}, 
{"path": "land/res/animation/image/", "name": "x0.png", "md5": "31e54f1f3e7c80359205deccb0f2efd0"}, 
{"path": "land/res/animation/image/", "name": "x1.png", "md5": "c8ee22f8491706f727c67e8ca853de9a"}, 
{"path": "land/res/animation/image/", "name": "x2.png", "md5": "e396c0d33a3d82aba1d91105989412d2"}, 
{"path": "land/res/animation/image/", "name": "x3.png", "md5": "63dd74a48c3dd0f36a86bef1acb92ec5"}, 
{"path": "land/res/animation/image/", "name": "x4.png", "md5": "670e1ede7c7d7ad0b76c8083502a5c92"}, 
{"path": "land/res/animation/image/", "name": "x5.png", "md5": "7cba378cff5daf220936d62db613d880"}, 
{"path": "land/res/animation/image/", "name": "x6.png", "md5": "1306afece10ba88aa80eec8cbb8bb158"}, 
{"path": "land/res/animation/image/", "name": "x7.png", "md5": "513edff42560444444d24083d106d261"}, 
{"path": "land/res/animation/image/", "name": "x8.png", "md5": "88b4fd50e338c2faef78fbdd1faf13ba"}, 
{"path": "land/res/animation/image/", "name": "x9.png", "md5": "28ed036f52084c98c4fdad93c6c51138"}, 
{"path": "land/res/animation/", "name": "ongame.plist", "md5": "c0575a8d50e09351cc541998ca187fcc"}, 
{"path": "land/res/animation/", "name": "ongame.png", "md5": "22fe15a751bd5b2a9f6039b872f74719"}, 
{"path": "land/res/animation/", "name": "outCard.csb", "md5": "3419109841348645179d28884e5de4f8"}, 
{"path": "land/res/animation/", "name": "outCard_B.csb", "md5": "a01826089199c59110e8bee1c3ade8c7"}, 
{"path": "land/res/animation/", "name": "outCard_L.csb", "md5": "8a19c67f0eabfacc3266db32605e0635"}, 
{"path": "land/res/animation/", "name": "outCard_R.csb", "md5": "c9930633a543b9b55b5310ee3d6adeb2"}, 
{"path": "land/res/animation/", "name": "result.plist", "md5": "adfa74d2194120397a07d88058fd1d29"}, 
{"path": "land/res/animation/", "name": "result.png", "md5": "4391b8d2fde09a868a4f0aa8041350d9"}, 
{"path": "land/res/animation/", "name": "ResultBg-copy.csb", "md5": "80fc32cf2584f4add1d1127ba1c44019"}, 
{"path": "land/res/animation/", "name": "ResultBg.csb", "md5": "0e3d1f103a85b942fe7d9d643142d11a"}, 
{"path": "land/res/animation/", "name": "ResultRole.csb", "md5": "a3e4165ee9630af863b57f5ca35fd412"}, 
{"path": "land/res/animation/", "name": "sanZhang_B.csb", "md5": "01611086827e9ef2c4a0de49b755a25f"}, 
{"path": "land/res/animation/", "name": "sanZhang_L.csb", "md5": "be1dca2eb2b5c50847753bb289b1cdf6"}, 
{"path": "land/res/animation/", "name": "sanZhang_R.csb", "md5": "79689d9c6f2ada14c541cd3e8cd990e6"}, 
{"path": "land/res/animation/", "name": "shunZi_L.csb", "md5": "fe6be3ca09fcd2c0683a1e569cc9dbb1"}, 
{"path": "land/res/animation/", "name": "shunZi_R.csb", "md5": "b3aa414cb8fae028fb676d92f08ebc53"}, 
{"path": "land/res/animation/", "name": "spring.csb", "md5": "6f4771d069dca74e5364950bdf192dd3"}, 
{"path": "land/res/animation/", "name": "spring_0.csb", "md5": "f9e75041190e85230a448b233a592bcc"}, 
{"path": "land/res/animation/", "name": "test.csb", "md5": "97f7b251819469294de61dc4851f9a6a"}, 
{"path": "land/res/Default/", "name": "Button_Disable.png", "md5": "fa79821349dd686f516187283bc2fb8c"}, 
{"path": "land/res/Default/", "name": "Button_Normal.png", "md5": "5f8329d6525b01810d68e39036e5f066"}, 
{"path": "land/res/Default/", "name": "Button_Press.png", "md5": "ea5e72abd451a76f62a2906abb7ef4bf"}, 
{"path": "land/res/Default/", "name": "ImageFile.png", "md5": "8b8ddbe2391511ba6e05d975dd2d9dba"}, 
{"path": "land/res/Default/", "name": "Sprite.png", "md5": "380f19a83e69524450a3fc2b466dc275"}, 
{"path": "land/res/Default/", "name": "TextAtlas.png", "md5": "f80be8acc64da02fb7f2bf9a6cb644e2"}, 
{"path": "land/res/game/", "name": "all_multiple_num.png", "md5": "f5ad17ccd754891458c2931b6ee40a65"}, 
{"path": "land/res/game/", "name": "animation.plist", "md5": "125e68cc677ea8aa1d46f6e645a71df2"}, 
{"path": "land/res/game/", "name": "animation.png", "md5": "09e470a34aa6c70cdb1273182cd2e5e3"}, 
{"path": "land/res/game/", "name": "bg.png", "md5": "58307aea49708a32fb86be804d765b8b"}, 
{"path": "land/res/game/", "name": "bg_test.png", "md5": "025f10bf960f2d95e21dab952208552b"}, 
{"path": "land/res/game/", "name": "card.png", "md5": "1647d24010583909b00b40e87fbdd401"}, 
{"path": "land/res/game/", "name": "cardsmall.png", "md5": "647448df130f07d155d906330341eaa4"}, 
{"path": "land/res/game/Default/", "name": "Sprite.png", "md5": "380f19a83e69524450a3fc2b466dc275"}, 
{"path": "land/res/game/", "name": "GameEffectLayer.csb", "md5": "3352d61ef7b24246da4715cd2e7860ed"}, 
{"path": "land/res/game/", "name": "GameLayer-copy.csb", "md5": "2275ae0e84e956036b94e7f62fcfa197"}, 
{"path": "land/res/game/", "name": "GameLayer.csb", "md5": "226b022e41f2d26e0d7c82a62e196ad0"}, 
{"path": "land/res/game/", "name": "GameLayerNew.csb", "md5": "686c3c4ac703b0b3c23ee43836bb4c83"}, 
{"path": "land/res/game/", "name": "GameLayerNew2.csb", "md5": "ad546bf24540e198d59f1afca8a37c3b"}, 
{"path": "land/res/game/", "name": "GameResultLayer.csb", "md5": "e27f145bb908cb8370f6f15a96f5654d"}, 
{"path": "land/res/game/", "name": "GameResultLayerNew.csb", "md5": "9359052e88c55de7952c97f98d908754"}, 
{"path": "land/res/game/", "name": "GameRoleItem.csb", "md5": "eeff02de936c8eb6328ee0c29caf38e4"}, 
{"path": "land/res/game/", "name": "GameSettleLayer.csb", "md5": "b3a63253ca18fce252746ba06644bc9c"}, 
{"path": "land/res/game/", "name": "game_cardnum.png", "md5": "facfb03cabf3c3cefd613f0545bd7851"}, 
{"path": "land/res/game/", "name": "game_money.png", "md5": "834786eebc44142dfa178e1c2e8c4aea"}, 
{"path": "land/res/game/", "name": "game_new.plist", "md5": "d109b6ea5b596455c2bbe017d67fbc4f"}, 
{"path": "land/res/game/", "name": "game_new.png", "md5": "843288f4f6e96914161eedfa90bf6cc7"}, 
{"path": "land/res/game/", "name": "game_timenum.png", "md5": "5d1925f7dbd17a734bb27f7aaf0f57f1"}, 
{"path": "land/res/game/", "name": "MoreLayerNew.csb", "md5": "223ebf51314e3cb9897877c544b4b708"}, 
{"path": "land/res/game/", "name": "multiple_num.png", "md5": "3fd3adb737832123ed6bb27aa9751122"}, 
{"path": "land/res/game/", "name": "popupWindow_bg.png", "md5": "8d0f46d520dfcffd0d2631fea8114247"}, 
{"path": "land/res/game/", "name": "result_add.png", "md5": "834786eebc44142dfa178e1c2e8c4aea"}, 
{"path": "land/res/game/", "name": "result_big_add.png", "md5": "6c18302949a7dd43621ed1421e819fb5"}, 
{"path": "land/res/game/", "name": "result_big_reduce.png", "md5": "c25a672a30d73c191e691003143c4f07"}, 
{"path": "land/res/game/", "name": "result_reduce.png", "md5": "2e054b612b5ad4f9969727728f595882"}, 
{"path": "land/res/game/", "name": "round_body.ttf", "md5": "7b5c98a23993fb67ff9b05eea70ac37c"}, 
{"path": "land/res/game/", "name": "shuzi.png", "md5": "6753233f91c26dcdabf2b2525ec5ddbe"}, 
{"path": "land/res/game/", "name": "top_num.png", "md5": "84049a5e02ea7cae30a9f72e9c488470"}, 
{"path": "land/res/image/", "name": "card0001.png", "md5": "0d3118ad2895afb33d0b3623233c5b19"}, 
{"path": "land/res/image/", "name": "cardTips.png", "md5": "fe490618b0300341be8f9e5de404ec69"}, 
{"path": "land/res/image/", "name": "flower.png", "md5": "22bcf324322e9c9cc51b32621ced514e"}, 
{"path": "land/res/image/", "name": "multiple_light_swf_pin.png", "md5": "174a615bcc270d1b0a7dd352367f86d7"}, 
{"path": "land/res/image/outcard/bottom/smash/", "name": "smash_more_1.png", "md5": "7f061a352e3202c4c78a97173c5d1e06"}, 
{"path": "land/res/image/outcard/bottom/smash/", "name": "smash_more_2.png", "md5": "508d223ecfb402c68ee6f0cdccda40c3"}, 
{"path": "land/res/image/outcard/bottom/smash/", "name": "smash_more_3.png", "md5": "c0501dbffade77b8e093cf5b15d8ecd9"}, 
{"path": "land/res/image/outcard/left/smash/", "name": "smash_more_1.png", "md5": "f5bba76f65ad7ffc3003890b651bd672"}, 
{"path": "land/res/image/outcard/left/smash/", "name": "smash_more_2.png", "md5": "4f33a40ad14234073d04e5e625f1beef"}, 
{"path": "land/res/image/outcard/left/smash/", "name": "smash_more_3.png", "md5": "1736495032e94c8772f64ace17848a1d"}, 
{"path": "land/res/image/outcard/right/smash/", "name": "smash_more_1.png", "md5": "7f6e017b93d38d3fe1adcddb49b3c784"}, 
{"path": "land/res/image/outcard/right/smash/", "name": "smash_more_2.png", "md5": "bf77f7d34ee43fc7ca2d766d2c703789"}, 
{"path": "land/res/image/outcard/right/smash/", "name": "smash_more_3.png", "md5": "d4444aead35dd86ed3e9abf769d7b1fc"}, 
{"path": "land/res/image/outcard/throw_light/", "name": "throw_light_2.png", "md5": "af17559fa91583facb6d743ed78aa39c"}, 
{"path": "land/res/image/outcard/throw_light/", "name": "throw_light_3.png", "md5": "74d354a07e2f90920506fd3d2b93b222"}, 
{"path": "land/res/image/outcard/throw_light/", "name": "throw_light_4.png", "md5": "9254e3502804387285626e6b74580eb3"}, 
{"path": "land/res/image/outcard/throw_light/", "name": "throw_light_5.png", "md5": "c3b923fc9ed549921431f222e5de2ed0"}, 
{"path": "land/res/image/outcard/throw_light/", "name": "throw_light_6.png", "md5": "a1d9ae457863c5f2c69c03f62afcfc07"}, 
{"path": "land/res/image/outcard/throw_light/", "name": "throw_light_7.png", "md5": "6d48ca314f15dc73c948f3b0dbf3b52f"}, 
{"path": "land/res/image/outcard/throw_light/", "name": "throw_light_8.png", "md5": "51fa3e88fd688c68676044c61542a080"}, 
{"path": "land/res/image/", "name": "particle_texture.plist", "md5": "dda74e1127a7af6fd124d9206c505ef1"}, 
{"path": "land/res/image/", "name": "particle_texture.png", "md5": "c065912553f5c26883c090e8bb4895fb"}, 
{"path": "land/res/image/", "name": "spring0.png", "md5": "a53fa8d528c5c7f970e191160ccf3854"}, 
{"path": "land/res/image/", "name": "spring1.png", "md5": "40d2ee1f0344176853d20e5d7ff71541"}, 
{"path": "land/res/image/", "name": "spring2.png", "md5": "aaa9fd2ec949af2d3ab035c2a3cea687"}, 
{"path": "land/res/image/", "name": "x0.png", "md5": "31e54f1f3e7c80359205deccb0f2efd0"}, 
{"path": "land/res/public_res/", "name": "game_bg_0.jpg", "md5": "6d65c6da2e2ee40fa57d48a333b14d7a"}, 
{"path": "land/res/public_res/", "name": "public_res.plist", "md5": "a7d87f1f543979158c4e8d3487aa92f4"}, 
{"path": "land/res/public_res/", "name": "public_res.png", "md5": "ec88861d7c409f5112c1d5163ee38dad"}, 
{"path": "land/res/public_res/", "name": "public_res_new.plist", "md5": "8fa18e9470fdd5e74c45b5809f4831ca"}, 
{"path": "land/res/public_res/", "name": "public_res_new.png", "md5": "efd6b5423c935f117ba1382d10e79315"}, 
{"path": "land/res/public_res/", "name": "sp_setLayer_bg.png", "md5": "cb7768a59ae472458e8226625545c1c4"}, 
{"path": "land/res/roomlist/", "name": "icon_roomlist_0.png", "md5": "dd1c0b673a8820abf455281b872050eb"}, 
{"path": "land/res/roomlist/", "name": "icon_roomlist_1.png", "md5": "b24b5d8ece6da64591538a17ee2bb1c5"}, 
{"path": "land/res/roomlist/", "name": "icon_roomlist_2.png", "md5": "b8ec099b86b517cb6181326c3f156c30"}, 
{"path": "land/res/roomlist/", "name": "roomtable.png", "md5": "c750578635ba21afd45f2af02c251759"}, 
{"path": "land/res/roomlist/", "name": "roomtable_play.png", "md5": "c750578635ba21afd45f2af02c251759"}, 
{"path": "land/res/setting/", "name": "SettingLayer-copy.csb", "md5": "e1f103195fa05997fba27ea3a6bbe486"}, 
{"path": "land/res/setting/", "name": "SettingLayer.csb", "md5": "3464d6e3cf33a41ee37ea8b4ad3fdc48"}, 
{"path": "land/res/sound_res/0/", "name": "1.wav", "md5": "d01ffeea6b6b62eb35af07e1aeec1ee1"}, 
{"path": "land/res/sound_res/0/", "name": "10.wav", "md5": "32f7fea353edce54b8a26e8dd97ef392"}, 
{"path": "land/res/sound_res/0/", "name": "11.wav", "md5": "d7cb481ae8760f07a0e54db3a02aafb3"}, 
{"path": "land/res/sound_res/0/", "name": "12.wav", "md5": "729d094e680536fe942116ed7aa62bc6"}, 
{"path": "land/res/sound_res/0/", "name": "13.wav", "md5": "ac07338f808bb56d9f2b583be9555bb2"}, 
{"path": "land/res/sound_res/0/", "name": "14.wav", "md5": "304dc85071d27d4b2e16c5d2d2bdf3be"}, 
{"path": "land/res/sound_res/0/", "name": "15.wav", "md5": "392e91408cbb34faca6ef9c8f22d7435"}, 
{"path": "land/res/sound_res/0/", "name": "2.wav", "md5": "d41e46d387121f592cd3d60986d7356d"}, 
{"path": "land/res/sound_res/0/", "name": "3.wav", "md5": "d279b79a9f3f84739db05366f19bf699"}, 
{"path": "land/res/sound_res/0/", "name": "4.wav", "md5": "194b92b0f7152097dab62a8782e3f491"}, 
{"path": "land/res/sound_res/0/", "name": "5.wav", "md5": "47f30d0a1983a05ff1c95b17c9fe59a8"}, 
{"path": "land/res/sound_res/0/", "name": "6.wav", "md5": "ce3a40230c04f33772acdc1f0835253c"}, 
{"path": "land/res/sound_res/0/", "name": "7.wav", "md5": "5a9c71459010fa7cb2e09aaa0dd2c94e"}, 
{"path": "land/res/sound_res/0/", "name": "8.wav", "md5": "50321689fa1cdc027da54979b618b33f"}, 
{"path": "land/res/sound_res/0/", "name": "9.wav", "md5": "b267c897af21a243a6a7fe2730f59608"}, 
{"path": "land/res/sound_res/0/", "name": "baojing1.wav", "md5": "42b0ba700a5dc10822e556008e73b3d4"}, 
{"path": "land/res/sound_res/0/", "name": "baojing2.wav", "md5": "dd5180b755f33659e829bfe0312cec9d"}, 
{"path": "land/res/sound_res/0/", "name": "cs0.wav", "md5": "cdbf8927582c132396ecf880bd3c42f1"}, 
{"path": "land/res/sound_res/0/", "name": "cs1.wav", "md5": "dd16cd3a7b13de9490eaeab82c4cf8ee"}, 
{"path": "land/res/sound_res/0/", "name": "cs2.wav", "md5": "7038163d7f9159dd6f67797d1c66675d"}, 
{"path": "land/res/sound_res/0/", "name": "cs3.wav", "md5": "38353c67991eea720f41e935d361ed37"}, 
{"path": "land/res/sound_res/0/", "name": "d_1.wav", "md5": "7daf04f1968e77bcf8cb433c9ae28edf"}, 
{"path": "land/res/sound_res/0/", "name": "d_10.wav", "md5": "2476cffd2b3e54c2bc1df41a54b47a76"}, 
{"path": "land/res/sound_res/0/", "name": "d_11.wav", "md5": "00c113ab7324b61f0693d7a0e3d630e4"}, 
{"path": "land/res/sound_res/0/", "name": "d_12.wav", "md5": "18b96e19194db1d2bdd1b23534d58b99"}, 
{"path": "land/res/sound_res/0/", "name": "d_13.wav", "md5": "3af94a87e77513103cae7e91f1a95f7b"}, 
{"path": "land/res/sound_res/0/", "name": "d_2.wav", "md5": "2652c3cc3f5c3a58a438577b7ffa1778"}, 
{"path": "land/res/sound_res/0/", "name": "d_3.wav", "md5": "423395bf5885f9ecbbd93b0b1ec5b7f0"}, 
{"path": "land/res/sound_res/0/", "name": "d_4.wav", "md5": "e80f8686ff713e4e15af518d403a2396"}, 
{"path": "land/res/sound_res/0/", "name": "d_5.wav", "md5": "f6831cafbd56c766ae67728967c8093a"}, 
{"path": "land/res/sound_res/0/", "name": "d_6.wav", "md5": "8072a2377c80fbd2d121136e17bcf74b"}, 
{"path": "land/res/sound_res/0/", "name": "d_7.wav", "md5": "9b652f6ead661e3d69a0ab83c3e68d50"}, 
{"path": "land/res/sound_res/0/", "name": "d_8.wav", "md5": "26064f1884652cc6186423c3646c8f64"}, 
{"path": "land/res/sound_res/0/", "name": "d_9.wav", "md5": "6c460a809b88d2ea3f9a465898e5b08f"}, 
{"path": "land/res/sound_res/0/", "name": "pass0.wav", "md5": "53221bd37b33d8eeceaf6fb43ad9a00f"}, 
{"path": "land/res/sound_res/0/", "name": "pass1.wav", "md5": "d45df5b5ce3feac4f0a27a16c4c81ee1"}, 
{"path": "land/res/sound_res/0/", "name": "pass2.wav", "md5": "62cf93e6bf99bb53fe30d92cba8d2be8"}, 
{"path": "land/res/sound_res/0/", "name": "pass3.wav", "md5": "f1ea3abffef8cb2c3c78b18499d461ed"}, 
{"path": "land/res/sound_res/0/", "name": "type10.wav", "md5": "2f0aed83a76dcba784bda2b15fc38048"}, 
{"path": "land/res/sound_res/0/", "name": "type11.wav", "md5": "a4c3e22fdeb2f71648fdba5ffd0dc142"}, 
{"path": "land/res/sound_res/0/", "name": "type12.wav", "md5": "55c8909a46b83d1990dc8729552055a1"}, 
{"path": "land/res/sound_res/0/", "name": "type4.wav", "md5": "9bc9c0559a6c9183c35aa8222311839f"}, 
{"path": "land/res/sound_res/0/", "name": "type5.wav", "md5": "68a4be92a33b945fb1e712424b8066af"}, 
{"path": "land/res/sound_res/0/", "name": "type6.wav", "md5": "11eaec8f320a2b4545f5656d410ae123"}, 
{"path": "land/res/sound_res/0/", "name": "type7.wav", "md5": "823a4a107de75979f95499cdeba25047"}, 
{"path": "land/res/sound_res/0/", "name": "type8.wav", "md5": "4ba78101ffec03a64ca6532e314e637a"}, 
{"path": "land/res/sound_res/0/", "name": "type9.wav", "md5": "29782330a465b2b3cec258222f951aec"}, 
{"path": "land/res/sound_res/0/", "name": "t_1.wav", "md5": "af14e401fb8bf437d25f9a2920e91204"}, 
{"path": "land/res/sound_res/0/", "name": "t_10.wav", "md5": "de4630973eb31fd8cbce27946d05f023"}, 
{"path": "land/res/sound_res/0/", "name": "t_11.wav", "md5": "337971bf446d44ad2ead496d3eea6dff"}, 
{"path": "land/res/sound_res/0/", "name": "t_12.wav", "md5": "961803f15179ff6bf8271c3dcc6b17c2"}, 
{"path": "land/res/sound_res/0/", "name": "t_13.wav", "md5": "ac3ec3555702860b401acb48fdac676a"}, 
{"path": "land/res/sound_res/0/", "name": "t_2.wav", "md5": "64fc5f40c253e46b2dac5d7b26db3c71"}, 
{"path": "land/res/sound_res/0/", "name": "t_3.wav", "md5": "f7414263a54d502004ff501353c3ad7f"}, 
{"path": "land/res/sound_res/0/", "name": "t_4.wav", "md5": "3909efbb019dbe97fff12fe8c46d807c"}, 
{"path": "land/res/sound_res/0/", "name": "t_5.wav", "md5": "810942ac202c5f45c791ae6c581605cf"}, 
{"path": "land/res/sound_res/0/", "name": "t_6.wav", "md5": "7c75d61cbc7b1c1a6c005bf71ad002ae"}, 
{"path": "land/res/sound_res/0/", "name": "t_7.wav", "md5": "2319a20e1fbf6a37de7901d553c4907c"}, 
{"path": "land/res/sound_res/0/", "name": "t_8.wav", "md5": "30f0781c29e9bd4c1038a08e96810b0b"}, 
{"path": "land/res/sound_res/0/", "name": "t_9.wav", "md5": "c5a86fb081acc5b3a9ea01716219580b"}, 
{"path": "land/res/sound_res/0/", "name": "ya0.wav", "md5": "75f71989e6da13bbdd0341a56fe0f595"}, 
{"path": "land/res/sound_res/0/", "name": "ya1.wav", "md5": "9b410a375f9573f38ce84d30a0b8798e"}, 
{"path": "land/res/sound_res/0/", "name": "ya2.wav", "md5": "c1ee14dfab42f9e95a3934b83bc64f8a"}, 
{"path": "land/res/sound_res/1/", "name": "1.wav", "md5": "1821351059402abfa8b4f18ec5f59c84"}, 
{"path": "land/res/sound_res/1/", "name": "10.wav", "md5": "33dc26bea8b6fdc4154509ec3ee00039"}, 
{"path": "land/res/sound_res/1/", "name": "11.wav", "md5": "d9061ed8c4f49ecf23768b5bf3567a0e"}, 
{"path": "land/res/sound_res/1/", "name": "12.wav", "md5": "fb94a0ce5923ec29de7d6d49664ea8e7"}, 
{"path": "land/res/sound_res/1/", "name": "13.wav", "md5": "1a24217b65d3d3ce4b857bd2c33c5389"}, 
{"path": "land/res/sound_res/1/", "name": "14.wav", "md5": "2c234c88e3fa76f9730d6e77b4ebd94e"}, 
{"path": "land/res/sound_res/1/", "name": "15.wav", "md5": "005deefee0ac4e699364c95a9704058d"}, 
{"path": "land/res/sound_res/1/", "name": "2.wav", "md5": "31e11674af3c1a565574ed1474a52f52"}, 
{"path": "land/res/sound_res/1/", "name": "3.wav", "md5": "612d9a3164b8b16b2c7216a65bd045c5"}, 
{"path": "land/res/sound_res/1/", "name": "4.wav", "md5": "b8eee2a485bbfca38e80a9d54b144df7"}, 
{"path": "land/res/sound_res/1/", "name": "5.wav", "md5": "34612d7adeb3f180f4db679b34af3d60"}, 
{"path": "land/res/sound_res/1/", "name": "6.wav", "md5": "586d7a870adb73665a2f76d8819031a7"}, 
{"path": "land/res/sound_res/1/", "name": "7.wav", "md5": "b0e3aea2c7a250460a5712402f8939e5"}, 
{"path": "land/res/sound_res/1/", "name": "8.wav", "md5": "1f71d8833865d83100e7bd82dc194ff9"}, 
{"path": "land/res/sound_res/1/", "name": "9.wav", "md5": "1dd09c32e10c3a5694c46f96ecde4de3"}, 
{"path": "land/res/sound_res/1/", "name": "baojing1.wav", "md5": "3427d784ae6cdd348ce3bd0b1da7c2f2"}, 
{"path": "land/res/sound_res/1/", "name": "baojing2.wav", "md5": "1b5e97a304b53d18df855bdd0d48697d"}, 
{"path": "land/res/sound_res/1/", "name": "cs0.wav", "md5": "6015440aecfc34725733042ffeed1856"}, 
{"path": "land/res/sound_res/1/", "name": "cs1.wav", "md5": "8957bfa403c8d520aa6e3bbf87394e1d"}, 
{"path": "land/res/sound_res/1/", "name": "cs2.wav", "md5": "e56e13aa8f0b8751fdfca9c4cb3dd54f"}, 
{"path": "land/res/sound_res/1/", "name": "cs3.wav", "md5": "62e3a65bd08ed54530fd253438b5e628"}, 
{"path": "land/res/sound_res/1/", "name": "d_1.wav", "md5": "7ecc9bd4e0712df63d19475a1d7c18cf"}, 
{"path": "land/res/sound_res/1/", "name": "d_10.wav", "md5": "14e81dd452800fecb352885cf8958c6f"}, 
{"path": "land/res/sound_res/1/", "name": "d_11.wav", "md5": "53400d88302071ed8b80ae162b3b0a18"}, 
{"path": "land/res/sound_res/1/", "name": "d_12.wav", "md5": "5d81ab3d2108e875311c240580b8dd80"}, 
{"path": "land/res/sound_res/1/", "name": "d_13.wav", "md5": "720e33925e6abc1ba45dc9d715c48f9d"}, 
{"path": "land/res/sound_res/1/", "name": "d_2.wav", "md5": "8bc960fd4052af42d5cae0493966a0c3"}, 
{"path": "land/res/sound_res/1/", "name": "d_3.wav", "md5": "8191b3ba9cd29173174ae6b468b673a6"}, 
{"path": "land/res/sound_res/1/", "name": "d_4.wav", "md5": "90cea5c089014ae71e15b903fba3910a"}, 
{"path": "land/res/sound_res/1/", "name": "d_5.wav", "md5": "8a1ae69e1cdcc04df84920acba54a7be"}, 
{"path": "land/res/sound_res/1/", "name": "d_6.wav", "md5": "06194ab0a592777a77ef5b1a778b7a31"}, 
{"path": "land/res/sound_res/1/", "name": "d_7.wav", "md5": "91961404e3dfcb124cb3ec945ef04839"}, 
{"path": "land/res/sound_res/1/", "name": "d_8.wav", "md5": "552a05fd4f105508cf6151524cc86950"}, 
{"path": "land/res/sound_res/1/", "name": "d_9.wav", "md5": "47f8623d3020b83d834b0b8f95a8572e"}, 
{"path": "land/res/sound_res/1/", "name": "pass0.wav", "md5": "dd5714faf1ce1b4be49d491a2a9d07e9"}, 
{"path": "land/res/sound_res/1/", "name": "pass1.wav", "md5": "dc7ec34d6216d8858c55f087df68b899"}, 
{"path": "land/res/sound_res/1/", "name": "pass2.wav", "md5": "8ca8cb0fbd528620ce1b165ceda17731"}, 
{"path": "land/res/sound_res/1/", "name": "pass3.wav", "md5": "238e6f857fef6cdcfe8c974492893536"}, 
{"path": "land/res/sound_res/1/", "name": "type10.wav", "md5": "574ba1d3d548fc28f67df8a38c21d6b9"}, 
{"path": "land/res/sound_res/1/", "name": "type11.wav", "md5": "337718e2c2b911d4bb21791d4938114b"}, 
{"path": "land/res/sound_res/1/", "name": "type12.wav", "md5": "2f6872760e97eb72ef4e6cf4a642e3f5"}, 
{"path": "land/res/sound_res/1/", "name": "type4.wav", "md5": "9359d372db99ad3dd01623e15fba683d"}, 
{"path": "land/res/sound_res/1/", "name": "type5.wav", "md5": "d82ff96c708e7c4b5e774d51b35f0465"}, 
{"path": "land/res/sound_res/1/", "name": "type6.wav", "md5": "843d76518644d0cc2d19324326c83be8"}, 
{"path": "land/res/sound_res/1/", "name": "type7.wav", "md5": "bfbfcfebf3924c7d5a7e78a4632cbc7b"}, 
{"path": "land/res/sound_res/1/", "name": "type8.wav", "md5": "fc49303f770f92fabc794e843aff98b5"}, 
{"path": "land/res/sound_res/1/", "name": "type9.wav", "md5": "706365f11f0ecd38ad8dbc38de66bc37"}, 
{"path": "land/res/sound_res/1/", "name": "t_1.wav", "md5": "ef8ab2dad8ee2e6a73775fea55a51abb"}, 
{"path": "land/res/sound_res/1/", "name": "t_10.wav", "md5": "2fedb3a685ef29008b764439d60842c0"}, 
{"path": "land/res/sound_res/1/", "name": "t_11.wav", "md5": "ad68a7a70d951632eb29f18edbace3b9"}, 
{"path": "land/res/sound_res/1/", "name": "t_12.wav", "md5": "5095dcf0aed89dcb736ed111c342cc2a"}, 
{"path": "land/res/sound_res/1/", "name": "t_13.wav", "md5": "05162c4f00513be7d1b69ee3b7bb232b"}, 
{"path": "land/res/sound_res/1/", "name": "t_2.wav", "md5": "08864438b1c44a60a446bee8aef0b3a2"}, 
{"path": "land/res/sound_res/1/", "name": "t_3.wav", "md5": "fe07e92de6734037e2e58eb87f34f30f"}, 
{"path": "land/res/sound_res/1/", "name": "t_4.wav", "md5": "6164ff560e2d572f60f9e0b7ed666620"}, 
{"path": "land/res/sound_res/1/", "name": "t_5.wav", "md5": "ba79a7012dacfbb12b438120b06c6746"}, 
{"path": "land/res/sound_res/1/", "name": "t_6.wav", "md5": "567fa090bc7ccaf12bff494f9d72ce97"}, 
{"path": "land/res/sound_res/1/", "name": "t_7.wav", "md5": "8858e6b1a1cbd2c5f47166ba603df0d5"}, 
{"path": "land/res/sound_res/1/", "name": "t_8.wav", "md5": "910b10488c61080b8fb375541b8ba739"}, 
{"path": "land/res/sound_res/1/", "name": "t_9.wav", "md5": "63d2d2862853e9d1b18334802e8ebe87"}, 
{"path": "land/res/sound_res/1/", "name": "ya0.wav", "md5": "b017320da4ad0bb9b9026b740038daca"}, 
{"path": "land/res/sound_res/1/", "name": "ya1.wav", "md5": "ed58ad5bcbdd90d7242542cbd9497680"}, 
{"path": "land/res/sound_res/1/", "name": "ya2.wav", "md5": "d3d8d0f420c4197130db0d7c494acb51"}, 
{"path": "land/res/sound_res/", "name": "background.mp3", "md5": "e4ccbbbf9731e614c3da75d2f5901ec9"}, 
{"path": "land/res/sound_res/", "name": "button.wav", "md5": "a745cfdf43d298bd546a0d8f89369bff"}, 
{"path": "land/res/sound_res/", "name": "dispatch.wav", "md5": "67bfb5a3b080e62a8c8058830a89ed01"}, 
{"path": "land/res/sound_res/", "name": "opencard.wav", "md5": "a89c408e570913f058defccc063fff02"}, 
{"path": "land/res/sound_res/", "name": "outcard.wav", "md5": "44d6b6d5005215ca3b6b90597f38b1d6"}, 
{"path": "land/res/sound_res/", "name": "outcard_aircraft.wav", "md5": "7d526d802b9f99101fd1503c30eca5fe"}, 
{"path": "land/res/sound_res/", "name": "outcard_bomb.wav", "md5": "b51a9356019d9bdb3d9337e43104f090"}, 
{"path": "land/res/sound_res/", "name": "outcard_rocket.wav", "md5": "783bddfd4f80bedb9efcd9ac78863293"}, 
{"path": "land/res/sound_res/", "name": "sendcard.wav", "md5": "01d2dfa1e42697ddb77d4e794526c0c6"}, 
{"path": "land/res/sound_res/", "name": "settle_lose.wav", "md5": "8490c1686137c866026f9dceb72e644f"}, 
{"path": "land/res/sound_res/", "name": "settle_win.wav", "md5": "01f0c2c0b258e9b9ef8cac915d2da270"}, 
{"path": "land/res/sound_res/", "name": "spring.wav", "md5": "c9556b8e53080315a1ce15ba99cf5e98"}, 
{"path": "land/res/sound_res/", "name": "xuanpai.wav", "md5": "e3f22b884dd5aa3263f6e9010775539f"}, 
{"path": "land/res/sound_res/", "name": "ya.wav", "md5": "b10678d1375d6c57f5a445155cb7d3e7"}, 
{"path": "land/src/models/", "name": "CMD_Game.lua", "md5": "3b7ab5a32de9b1c5b9f7e95e423c0a77"}, 
{"path": "land/src/models/", "name": "Define.lua", "md5": "b413bd750ba97264f90054a50b7fe3fb"}, 
{"path": "land/src/models/", "name": "GameLogic.lua", "md5": "d14141bcec201063173f9d4e54ce1358"}, 
{"path": "land/src/views/", "name": "GameLayer.lua", "md5": "8bcc63633cf15c35b740201f7aaea4f8"}, 
{"path": "land/src/views/", "name": "GameRoomLayer.lua", "md5": "ac09c8a833313422c1889ecdcece173a"}, 
{"path": "land/src/views/layer/gamecard/", "name": "CardsNode.lua", "md5": "ff2791293914e154bb5faa1195bceea0"}, 
{"path": "land/src/views/layer/gamecard/", "name": "CardSprite.lua", "md5": "41d20ab69237f1f3ed6c9fb7594e18c5"}, 
{"path": "land/src/views/layer/", "name": "GameResultLayer.lua", "md5": "6a459b007eb5d2bbf9eadfb8c1c2fca5"}, 
{"path": "land/src/views/layer/", "name": "GameRoleItem.lua", "md5": "fb7688bda2b264c2f7653ddbe54af757"}, 
{"path": "land/src/views/layer/", "name": "GameViewLayer.lua", "md5": "f07b95137cdcba1b38017b93f0773be0"}, 
{"path": "land/src/views/layer/", "name": "SetLayer.lua", "md5": "29eeccc137082f42cd151c3d91a96541"}, 
{"path": "land/src/views/layer/", "name": "SettingLayer.lua", "md5": "ca99a725e096eb96da98cf66fd0c9dbd"}, 
{"allcount": 292}]}